{"cameraMode":{"drawMode":0,"name":"Shaded","section":"Shading Mode"},"sceneLighting":true,"audioPlay":false,"sceneViewState":{"showFog":true,"showMaterialUpdate":false,"showSkybox":true,"showFlares":true,"showImageEffects":true,"showParticleSystems":true,"showVisualEffectGraphs":true,"m_FxEnabled":true},"in2DMode":false,"pivot":{"x":33.611568450927737,"y":1.4275562763214112,"z":-0.338899701833725},"rotation":{"x":0.006450098007917404,"y":0.5632053017616272,"z":-0.00440385052934289,"w":0.8263158202171326},"size":12.12435531616211,"orthographic":false}