{"cameraMode":{"drawMode":0,"name":"Shaded","section":"Shading Mode"},"sceneLighting":false,"audioPlay":false,"sceneViewState":{"showFog":false,"showMaterialUpdate":false,"showSkybox":false,"showFlares":false,"showImageEffects":false,"showParticleSystems":true,"showVisualEffectGraphs":true,"m_FxEnabled":true},"in2DMode":false,"pivot":{"x":0.0007457733154296875,"y":1.506443738937378,"z":-1.4371395111083985},"rotation":{"x":-0.24081985652446748,"y":0.028240879997611047,"z":-0.006988743785768747,"w":-0.9701531529426575},"size":3.7104055881500246,"orthographic":true}